question,answer
Which three economy-related words does Putin use most often?,The context provided does not specify which three economy-related words Vladimir Putin uses most often in his speeches.
How many times does the word modernization appear in a military context in Putin speeches?,"The context provided mentions the word ""modernising"" once in a military context, specifically in relation to modernising the Armed Forces. There is no additional information on how many times the word ""modernization"" appears in other speeches by Putin."
How often does Putin talk about friendship with China?,"The context provided indicates that Putin frequently talks about friendship with China. He emphasizes the warm relationship and personal connections, mentioning the importance of friendship and personal relationships, as well as the robust ties of neighborliness, cooperation, and friendship between the peoples of Russia and China."
In which years does Putin refer most often to World War II?,"In the provided context, Vladimir Putin refers to World War II in the context of events from 60 years ago, which would be around the 1940s. However, he does not specify particular years within World War II itself."
Does Putin describe the USA more as a threat or as a possible partner?,"Based on the context provided, Vladimir Putin describes the USA more as a possible partner. He emphasizes the importance of dialogue, expresses openness to cooperation, and calls the strengthening of trust-based cooperation with the United States an absolute priority of Russian foreign policy. He also highlights positive developments in Russian-American interaction and the potential for these relations to have a favorable effect on international relations."
What metaphors does Putin use when speaking about the USA?,The context provided does not include any metaphors used by Vladimir Putin when speaking about the USA.
What metaphors does Putin use when speaking about Ukraine?,The context provided does not include any specific metaphors used by Putin when speaking about Ukraine.
What metaphors does Putin use when speaking about Poland?,The context provided does not contain any specific metaphors used by Vladimir Putin when speaking about Poland.
What metaphors does Putin use when speaking about Germany?,The context provided does not include any specific metaphors used by Putin when speaking about Germany.
"When Putin talks about Poland, does he mention history or current events more often?","The context provided does not specify whether Putin mentions history or current events more often when talking about Poland. It only mentions that he was invited to visit Poland and that they discussed some international issues, including the situation in the Balkans."
"When Poland appears in speeches, is it described more as an enemy or a friend?","In the context provided, Poland is described more as a significant partner and a country with which Russia seeks strategic and long-term relations. The speech emphasizes the importance of cooperation between Russia and Poland, suggesting a friendly and collaborative relationship. However, there is also a historical reference to Poland's past actions during the Nazi era, which is described in a negative light. Overall, the current tone towards Poland in the speech is more friendly, focusing on future cooperation and strategic partnership."
How does the image of Ukraine change in Putin speeches between 2000 and 2024?,The context provided does not contain specific information about how the image of Ukraine in Putin's speeches has changed between 2000 and 2024.
How does the image of Poland change in Putin speeches between 2000 and 2024?,The information about how the image of Poland changes in Putin's speeches between 2000 and 2024 is not provided in the context.
How does the image of the USA change in Putin speeches between 2000 and 2024?,The context provided does not contain information about how the image of the USA changes in Putin's speeches between 2000 and 2024.
How does the image of Germany change in Putin speeches between 2000 and 2024?,The context provided does not contain information about how the image of Germany changes in Putin's speeches between 2000 and 2024.
From which years does Putin start using the term Russian world more often?,"The information regarding when Putin started using the term ""Russian world"" more often is not provided in the context."
From which years does sovereignty become a main topic in foreign policy speeches?,The context provided does not specify the years during which sovereignty became a main topic in foreign policy speeches.
In which years do economic topics appear most often in Putin speeches?,The context does not provide specific years in which economic topics appear most often in Putin's speeches.
How is Putin's narrative about Poland different from his narrative about Germany?,"The context provided does not explicitly detail Putin's narrative about Poland or Germany. It includes historical references and quotes from documents related to Polish-German relations and their interactions with Nazi Germany, but it does not specify Putin's narrative or perspective on these countries. Therefore, the information needed to answer your question is missing."
Does Putin speak more positively about China than about India?,"The context provided does not indicate that Putin speaks more positively about China than about India. He expresses satisfaction with the high level of Russian-Chinese political dialogue and praises his friendly relations with Xi Jinping. However, he also emphasizes India's sovereignty, its reliable partnership with Russia, and its role as a reliable ally, particularly in the context of arms reductions and scientific cooperation. Both countries are spoken of positively, but there is no clear indication that one is favored over the other in the context provided."
Is Putin's tone toward the USA more negative than toward the European Union?,"The context does not provide a direct comparison of Putin's tone toward the USA and the European Union. However, it does mention that Putin is open to dialogue with the US, despite acknowledging challenges due to US domestic politics and election campaign dynamics. There is no specific mention of his tone toward the European Union in the provided context. Therefore, the information needed to determine if his tone is more negative toward the USA than the European Union is missing."
How does Putin describe Germany in 2003 compared to 2014?,The context provided does not include any specific description or comparison of Germany by Putin in 2003 versus 2014.
What arguments does Putin most often use to justify strengthening the army?,"In the context provided, Vladimir Putin justifies strengthening the army by emphasizing the following arguments:

1. **National Security and Peaceful Development**: He argues that the combat readiness and modernization of the armed forces are essential parts of national security and a guarantee for the countryâ€™s peaceful development.

2. **International Security**: Putin states that the military potential of the Russian army is a constituent part of international security.

3. **Deterrence and Response to Threats**: He highlights the need for the army and navy to be mobile, professional, and equipped with the latest technology to repulse threats ranging from terrorism and local conflicts to major aggression.

4. **Protection of Sovereignty**: The military's role is to protect the interests and sovereignty of Russia and to respond promptly and adequately to any threat.

5. **Technological Modernization**: High-technology weapons are seen as a powerful deterrent to potential aggressors and a guarantee of success in modern armed conflicts.

6. **Rising Potential for Conflict**: He notes that the potential for conflict is on the rise globally, with provocations and attempts to disrupt strategic parity, necessitating a strong military.

These arguments collectively underscore the importance of a strong, modernized military for Russia's security and strategic interests."
How does Putin construct the image of an enemy?,The information regarding how Putin constructs the image of an enemy is missing from the provided context.
Which historical events does Putin use to justify actions toward Ukraine?,"Putin references several historical events to justify actions toward Ukraine:

1. The interpretation of events in common history between Russia and Ukraine, particularly the view of war criminals who collaborated with the Nazis as heroes.
2. The ""war"" against historical monuments and burial sites of Soviet soldiers in Ukraine.
3. The necessity to prevent a difficult situation, drawing a parallel to 1941 when delayed defense measures led to a heavy price for victory over Nazism.
4. The internal confrontation within the same people, likened to the post-1917 upheavals when people were set against each other with foreign powers involved.
5. The fate of Crimea in previous centuries and its situation following the collapse of the Soviet Union in the 1990s.

These references are used to frame the current situation as a continuation of historical patterns and challenges."
What elements of the Great Russia idea repeat in Putin speeches?,The context provided does not explicitly mention the elements of the Great Russia idea that repeat in Putin's speeches.
What are the three main ways Putin describes the West?,"The context does not provide a detailed description of the three main ways Putin describes the West. It mentions that Putin recalls the West giving tough assessments of his activities in the early 2000s and changing attitudes towards Russia and its leaders when Russia defends its interests. However, specific descriptions of the West are not provided."
Does Putin present Russia as a defensive power or an expansionist power?,"Putin presents Russia as a defensive power. He emphasizes that Russia's military strength is not a threat to anyone and that they have no plans to use this potential for offensive or aggressive goals. He states that Russia does not seek superpower status or conflict and aims to create a multipolar world without returning to the era of confrontation. Russia's growing military power is portrayed as a guarantee of global peace, preserving strategic parity and balance of forces in the world."
