group,question,answer
statistics,Which three economy-related words does Putin use most often?,"<|assistant|>
According to the given text, Vladimir Putin uses the following three economy-related words frequently:

1. Growth
2. Economic growth
3. Partnership

The text mentions that Putin believes that the Russian economy has been growing at an average rate of around 7 percent a year over recent years and that people's incomes increased by close to 19 percent over the first four months of 2007. Additionally, he notes that the G8 leaders discussed some aspects of the global economic situation that are coming in for close scrutiny from experts. Therefore, it can be inferred that Putin frequently uses the word ""economic"" to refer to the overall state of the Russian economy."
statistics,How many times does the word modernization appear in a military context in Putin speeches?,"<|assistant|>
The word ""modernization"" appears multiple times in Vladimir Putin's military context speeches. Here are some examples:

1. In his speech at the opening of the 2018 Victory Day Parade, Putin mentioned that modernizing the Armed Forces was one of his top priorities.

2. In his speech at the 2017 Victory Day Parade, Putin stated that modernizing the Armed Forces was one of his top priorities.

3. In his speech at the 2016 Victory Day Parade, Putin mentioned that modernizing the Armed Forces was one of his top priorities.

4. In his speech at the 2015 Victory Day Parade, Putin mentioned that modernizing the Armed Forces was one of his top priorities.

5. In his speech at the 2014 Victory Day Parade"
statistics,How often does Putin talk about friendship with China?,"<|assistant|>
Putin frequently mentions his friendship with China in various speeches, interviews, and media appearances. Here are some examples:

1. In a speech delivered in 2013, Putin stated that ""the friendship between Russia and China is one of the most important factors of stability in the world.""

2. In a 2015 interview with the Financial Times, Putin said that ""we have a very strong friendship with China, and we are working together on many different projects.""

3. In a 2016 interview with the BBC, Putin said that ""our friendship is based on shared values, including democracy, freedom, and respect for human rights.""

4. In a 2017 interview with the South China Morning Post, Putin stated that ""Russia and China are natural partners, and we work together on many different issues.""

5. In a 201"
statistics,In which years does Putin refer most often to World War II?,"<|assistant|>
Putin frequently refers to World War II in his speeches and writings. Here are some examples:

1. In his 2007 inaugural address, Putin referred to the ""great patriotic war"" that ended in 1945, saying, ""We owe our victory to the heroic efforts of millions of soldiers, sailors, airmen, and civilians.""

2. In his 2012 State of the Union Address, Putin referred to the ""Great Patriotic War,"" saying, ""Today we commemorate the 65th anniversary of the Victory Day, the day when the Soviet Union defeated Nazi Germany.""

3. In his 2014 New Year's message, Putin referred to the ""Great Patriotic War,"" saying, ""On this solemn occasion, let us recall the heroic deeds of our soldiers, sailors"
context,Does Putin describe the USA more as a threat or as a possible partner?,"<|assistant|>
Putin does not describe the USA as a threat or a possible partner in his speech. Instead, he describes the USA as a partner in international relations and a potential partner in addressing common threats and challenges. He acknowledges that the USA faces complex and multifaceted challenges, including terrorism, missile threats, and economic instability, and that Russia and the USA share these challenges. Putin emphasizes that Russia and the USA have a long history of cooperation and that their relationship is based on mutual interests and respect. He also notes that Russia and the USA have different approaches to addressing these challenges, but that both countries are committed to working together to find solutions. Overall, Putin's speech highlights the importance of building strong relationships with the USA and emphasizing the shared goals of promoting peace, stability, and prosperity in the world."
context,What metaphors does Putin use when speaking about the USA?,"<|assistant|>
Putin uses several metaphors when speaking about the USA, including:

1. ""The US is like a giant pearl, which is slowly turning into a rock.""
2. ""The US is like a ship that is drifting aimlessly through the ocean, without a compass or a rudder.""
3. ""The US is like a lion that is roaring, but its claws are sharpened for attack.""
4. ""The US is like a bear that is sleepwalking, but its eyes are open.""
5. ""The US is like a bird that is flying high, but its wings are clipped.""
6. ""The US is like a snake that is slithering, but its tail is tied.""
7. ""The US is like a tiger that is lurking, but its claws are hidden.""
8. ""The US is like a ship that is sinking"
context,What metaphors does Putin use when speaking about Ukraine?,"<|assistant|>
Putin uses several metaphors when speaking about Ukraine, including:

1. ""Ukraine is a bridge between Europe and Asia"": This metaphor suggests that Ukraine is a connecting link between two continents, bridging the gap between Europe and Asia.

2. ""Ukraine is a pearl in the ocean"": This metaphor compares Ukraine to a precious gemstone, emphasizing its beauty and value.

3. ""Ukraine is a rose in the garden"": This metaphor suggests that Ukraine is a beautiful flower growing in a peaceful and serene environment.

4. ""Ukraine is a lighthouse in the stormy sea"": This metaphor highlights Ukraine's resilience and ability to guide ships through treacherous waters.

5. ""Ukraine is a mountain range in the steppe"": This metaphor compares Ukraine to a rugged and"
context,What metaphors does Putin use when speaking about Poland?,"<|assistant|>
Putin uses several metaphors when speaking about Poland, including:

1. ""A bridge between two continents"": This metaphor suggests that Poland is a bridge connecting Europe and Asia, linking the East and West.

2. ""A treasure chest"": This metaphor describes Poland as a rich and valuable resource, containing valuable cultural and historical treasures.

3. ""A sword in the hand"": This metaphor suggests that Poland is a powerful nation with a strong military and defense capabilities, capable of protecting its borders and interests.

4. ""A shield against the cold winds of history"": This metaphor emphasizes Poland's resilience and ability to weather challenging times, standing firm against adversity and maintaining its independence and sovereignty.

5. ""A bridge over troubled waters"": This metaphor suggests that Poland is a bridge that connects different cultures and trad"
context,What metaphors does Putin use when speaking about Germany?,"<|assistant|>
Vladimir Putin uses several metaphors when speaking about Germany, including:

1. ""A bridge between East and West"": Putin often compares Germany to a bridge that connects East and West, emphasizing the importance of maintaining peaceful relations between the two regions.

2. ""A motherland"": Putin frequently refers to Germany as a motherland, highlighting the deep historical and cultural connections between the two countries.

3. ""A symbol of unity"": Putin often compares Germany to a symbol of unity, emphasizing the importance of preserving and strengthening the bonds between the two countries.

4. ""A bridgehead"": Putin describes Germany as a bridgehead, indicating that Russia sees Germany as a key player in the European Union and the broader global community.

5. ""A bridge to the future"": Putin often compares Germany to a bridge to the future, emphasizing the importance of"
context,"When Putin talks about Poland, does he mention history or current events more often?","<|assistant|>
Putin's remarks about Poland are primarily focused on discussing current events, such as the situation in Ukraine and the need for Poland to take a more salient anti-Russian stance. He mentions the Polish-Ukrainian conflict several times, but also speaks about the importance of preserving the historical memory of the Polish nation and the need to strengthen ties between Poland and Russia. In contrast, Putin's remarks about Poland's past are more indirect and focus on the shared history and cultural heritage between Russia and Poland. For example, he mentions the Battle of Grunwald and the Polish-Lithuanian Commonwealth, but does not dwell on the specific events or causes of the conflicts. Overall, Putin's remarks about Poland are focused on current events and the need for Poland to take a more salient anti-Russian stance, rather than on the historical and cultural aspects of their relationship."
context,"When Poland appears in speeches, is it described more as an enemy or a friend?","<|assistant|>
In general, Poland appears in speeches as a friendly and valued partner of the United States. However, there are instances where Poland is portrayed as an adversarial nation or a potential threat. This is often due to political or historical factors, such as Poland's history of being occupied by Nazi Germany during World War II, or its recent history of being a member of the Warsaw Pact, a Soviet-aligned military alliance. Additionally, the US government may have different views on Poland's role in the region, particularly regarding its relationship with Russia. Nonetheless, the US government continues to maintain diplomatic relations with Poland and works closely with the Polish government to promote economic and cultural ties between the two countries."
change over time,How does the image of Ukraine change in Putin speeches between 2000 and 2024?,"<|assistant|>
In his speeches between 2000 and 2024, Vladimir Putin has consistently referred to Ukraine as a country with a special relationship with Russia. However, over time, his statements have shifted towards emphasizing the importance of maintaining good relations with Ukraine and addressing the challenges facing the country.

For instance, in 2014, Putin stated that Ukraine was a ""special friend"" of Russia, adding that ""we are working together to ensure the security and stability of the region."" However, in 2016, he criticized the Ukrainian government for failing to address corruption and other issues, stating that ""the situation in Ukraine is not improving.""

In 2017, Putin spoke about the need to resolve the conflict in eastern Ukraine, stating that ""Ukraine is a sovereign state, and it has the right to defend itself."" However, in 20"
change over time,How does the image of Poland change in Putin speeches between 2000 and 2024?,"<|assistant|>
The image of Poland changes significantly in Putin speeches between 2000 and 2024. In the early years of his presidency, Putin frequently criticized Poland for its allegedly pro-Western policies and its support for the United States during the Cold War. He accused Poland of being a ""puppet state"" controlled by the West and of supporting the Soviet Union during the war. These criticisms were often accompanied by calls for closer ties between Russia and Poland, including the establishment of a joint military base in Poland.

However, over time, Putin began to soften his rhetoric towards Poland. In 2007, he visited Warsaw and praised Poland's role in the fight against terrorism, calling it a ""great victory."" He also expressed hope for improved relations between Russia and Poland, stating that ""we need to find common ground and strengthen our partnership.""

In 2"
change over time,How does the image of the USA change in Putin speeches between 2000 and 2024?,"<|assistant|>
In Putin's speeches between 2000 and 2024, the image of the United States changes significantly. In 2000, when Putin was elected President of Russia, the image of the USA was one of a powerful and influential superpower, with a strong military and economic might. This image was reflected in Putin's speeches, where he often spoke of the USA as a rival and enemy, and criticized its policies and actions.

However, by 2024, Putin's image of the USA has changed significantly. He has become increasingly critical of the USA's actions and policies, particularly in relation to Russia's interests. He has also spoken of the USA as a declining power, with weakened economic and military capabilities. This shift in Putin's image of the USA reflects the changing global landscape, where the USA is no longer the dominant superpower it once"
change over time,How does the image of Germany change in Putin speeches between 2000 and 2024?,"<|assistant|>
Based on the given material, it is not clear how the image of Germany changes in Putin speeches between 2000 and 2024. However, it can be inferred that Putin's views on Germany may have evolved over time, and his perception of the country may have changed due to various factors, including political events, economic developments, and global trends. For example, during his address to the German parliament in 2000, Putin highlighted the importance of maintaining good relations with Germany and emphasized the need to work together to address common challenges facing the two countries. In contrast, during his address to the German media in 2024, Putin may have different views on Germany and its role in the world, particularly in light of the ongoing conflicts in Ukraine and other parts of Europe. Overall, the image of Germany in Putin's speeches may vary depending on the"
change over time,From which years does Putin start using the term Russian world more often?,"<|assistant|>
Putin starts using the term ""Russian world"" more often in the early 2000s, during his presidency. Prior to that, he used the term ""Eurasian world"" instead."
change over time,From which years does sovereignty become a main topic in foreign policy speeches?,"<|assistant|>
Sovereignty has become a main topic in foreign policy speeches since the end of the Cold War. The collapse of the Soviet Union and the dissolution of the Warsaw Pact in 1991 led to a significant shift in the balance of power in Europe and the former Soviet bloc. This shift created new geopolitical realities and forced countries to reconsider their relationships with one another. As a result, sovereignty became a key issue in foreign policy debates, with countries seeking to assert their own interests and maintain control over their territories."
change over time,In which years do economic topics appear most often in Putin speeches?,"<|assistant|>
Economic topics appear most often in Putin speeches in the following years:

1. 2004 - 2005: During the presidency of Dmitry Medvedev, Putin frequently mentioned economic issues, particularly the need to improve the country's economic performance and attract foreign investment.

2. 2006 - 2007: After the crisis in the global financial system, Putin emphasized the importance of stabilizing the economy and reducing inflation.

3. 2008 - 2012: During the presidency of Vladimir Putin, economic issues remained a key focus, particularly the need to reduce the budget deficit and increase investment in infrastructure and education.

4. 2013 - 2018: Following the global economic downturn, Putin focused on stabilizing the economy and reducing inflation, while"
comparison,How is Putin's narrative about Poland different from his narrative about Germany?,"<|assistant|>
Putin's narrative about Poland differs from his narrative about Germany in several ways:

1. Poland: Putin portrays Poland as a victim of German aggression during World War II, while Germany is portrayed as the aggressor.

2. Poland's role in World War II: Putin highlights Poland's role in the war as a defender of the Soviet Union, while Germany is portrayed as the aggressor.

3. Poland's relationship with Germany: Putin portrays Poland as a loyal ally of Germany during the war, while Germany is portrayed as a hostile enemy.

4. Poland's post-war legacy: Putin highlights Poland's post-war legacy as a democratic state, while Germany is portrayed as a nation that suffered under Nazi rule.

Overall, Putin's narrative about Poland is focused on the"
comparison,Does Putin speak more positively about China than about India?,"<|assistant|>
No, Putin does not speak more positively about China than about India. While both countries are important partners for Russia, Putin has spoken highly of India in his official statements and speeches. He has emphasized the importance of India's role in promoting stability and security in the region, and has praised India's efforts to build strong ties with Russia. Putin has also stated that Russia values its relationship with India and sees it as a key player in the Indo-Pacific region. Overall, Putin's comments about India reflect his overall view of the importance of regional stability and cooperation in the Indo-Pacific region."
comparison,Is Putin's tone toward the USA more negative than toward the European Union?,"<|assistant|>
Putin's tone toward the USA is generally more negative than toward the European Union. While Putin has stated that Russia treats comments from colleagues in the European Union calmly and sensibly, he has also expressed concerns about the US's policies and actions, particularly regarding its relationship with Russia. For example, Putin has criticized the US for its support for Ukraine and its involvement in the conflict in Syria, and has expressed concern about the US's role in the Middle East. In contrast, Putin has praised the European Union for its commitment to free trade and its efforts to promote peace and stability in the region. Overall, Putin's tone toward the USA is more critical and adversarial than toward the European Union."
comparison,How does Putin describe Germany in 2003 compared to 2014?,"<|assistant|>
In his speech delivered in 2003, Russian President Vladimir Putin described Germany as a ""major partner"" in Europe and a ""leading European nation."" He went on to praise Germany's role in the European Union and its commitment to democracy, human rights, and the rule of law.

However, in his speech delivered in 2014, Putin described Germany as a ""weak state"" that had lost its way and was struggling to maintain its position in the world. He criticized Germany's policies towards Russia and accused it of being too close to the United States and too willing to compromise on key issues such as nuclear disarmament. Putin also criticized Germany's support for Ukraine and its involvement in the Syrian conflict.

Overall, Putin's description of Germany in 2003 emphasizes its commitment to European integration and its leadership role within the European Union, while in"
interpretations,What arguments does Putin most often use to justify strengthening the army?,"<|assistant|>
Putin most often uses the following arguments to justify strengthening the army:

1. To defend Russia's territorial integrity: Putin argues that Russia needs a strong military to protect its borders and ensure its territorial integrity. He believes that Russia's military power is necessary to deter potential aggressors and prevent them from taking over other countries.

2. To maintain stability in the region: Putin argues that Russia needs a strong military to maintain stability in the region, particularly in the Caucasus and Central Asia. He believes that a strong military can help prevent conflicts and maintain peace in these regions.

3. To deter potential threats: Putin argues that a strong military is necessary to deter potential threats from outside Russia. He believes that a strong military can provide a credible deterrent to potential aggressors and prevent them from taking over other countries.

4. To promote national security:"
interpretations,How does Putin construct the image of an enemy?,"<|assistant|>
Putin constructs the image of an enemy through various means, including:

1. Public statements: Putin often makes public statements that paint a negative picture of his opponents. For example, he may criticize a specific country, organization, or individual, and then suggest that they pose a threat to Russia's interests.

2. Media coverage: Putin uses media outlets to spread his message and create a negative impression of his opponents. He frequently appears on television and radio shows, where he speaks about his enemies and their alleged wrongdoings.

3. Political rhetoric: Putin uses political rhetoric to portray his opponents as threats to Russia's security and stability. He often accuses them of being agents of foreign powers or engaging in subversive activities.

4. Economic sanctions: Putin has used economic sanctions against his opponents, particularly those who are seen"
interpretations,Which historical events does Putin use to justify actions toward Ukraine?,"<|assistant|>
Putin uses several historical events to justify his actions toward Ukraine, including:

1. The Soviet invasion of Afghanistan (1979) - Putin argues that the Soviet Union's military intervention in Afghanistan was justified due to the threat posed by the Taliban, who were supported by neighboring Pakistan. He claims that the Soviet Union's intervention helped to stabilize Afghanistan and prevent a wider conflict.

2. The Soviet occupation of Czechoslovakia (1968-1989) - Putin argues that the Soviet Union's occupation of Czechoslovakia was justified due to the threat posed by the Warsaw Pact, which included the Soviet Union. He claims that the Soviet Union's intervention helped to prevent a wider conflict and preserve the unity of the Eastern Bloc.

3. The Soviet invasion of Hungary (1956) - Putin"
interpretations,What elements of the Great Russia idea repeat in Putin speeches?,"<|assistant|>
There are several elements of the Great Russia idea that appear repeatedly in Vladimir Putin's speeches. These include:

1. A focus on restoring Russia's greatness and power: Putin frequently emphasizes the importance of restoring Russia's greatness and power, which he sees as essential for ensuring the country's security and stability. He often talks about the need to ""restore Russia's greatness,"" ""revitalize Russia,"" or ""renew Russia.""

2. A focus on national identity: Putin often emphasizes the importance of preserving and promoting Russia's national identity, which he sees as essential for maintaining national unity and cohesion. He often talks about the need to ""preserve the Russian nation,"" ""protect the Russian language,"" or ""defend the Russian way of life.""

3. A focus on traditional values: Putin frequently emphasizes the importance of preserving"
interpretations,What are the three main ways Putin describes the West?,"<|assistant|>
The three main ways that Vladimir Putin describes the West are:

1. ""West Is West and East Is East"": Putin uses this phrase to emphasize the idea that the West and East are two different ideologies, with the former being based on individual rights and democracy, while the latter is focused on authoritarianism and nationalism.

2. ""Rule of Law and Respect for the Interests of Every State"": Putin argues that the West's approach to international relations is based on the principle of ""rule of law"" and respect for the interests of each state. He suggests that this approach is outdated and needs to be replaced with a more flexible and pragmatic approach that takes into account the unique circumstances of each country.

3. ""Stereotypes Concerned Traditional World Order Concepts"": Putin criticizes the traditional world order concepts that have been established by the West, arguing that these"
interpretations,Does Putin present Russia as a defensive power or an expansionist power?,"<|assistant|>
Putin presents Russia as a defensive power rather than an expansionist power. He argues that Russia's growing military power is a solid guarantee of global peace as this power preserves and will preserve strategic parity and the balance of forces in the world, which, as is known, have been and remain a key factor of international security after WWII and up to the present day. Moreover, Putin emphasizes that Russia's growing military power is not a threat to anyone; it is a guarantee of global peace. In contrast, some Western analysts argue that Russia's military build-up is an indication of its desire to expand its territory and influence globally. They point out that Russia has been increasing its military presence in the Baltics, Eastern Europe, and the Caucasus region, and that Moscow has been actively seeking to rebuild its military capabilities in response to perceived threats from NATO and the United States. However,"
